emotion,,AU01,AU02,AU04,AU05,AU06,AU07,AU09,AU10,AU11,AU12,AU14,AU15,AU17,AU20,AU23,AU24,AU25,AU26,AU28,AU43
Anger,0.0,0.32357925,0.25361544,0.41164503,0.40410715,0.12278809,0.16646989,0.19900668,0.10906745,0.22904368,0.10972407,0.46910262,0.31906104,0.4677805,0.33412042,0.5864776,0.59500724,0.25262105,0.25910667,0.42663735,0.12237901
Disgust,0.0,0.48929843,0.35521853,0.48255265,0.31991547,0.30233544,0.4869326,0.36568174,0.35702908,0.6437414,0.27674788,0.49244335,0.5356622,0.47739154,0.40440166,0.4966074,0.48285642,0.5705423,0.29883617,0.23368254,0.2773502
Fear,0.0,0.4318147,0.370758,0.30159092,0.46574146,0.18609525,0.1199095,0.19539295,0.12388598,0.35067874,0.2542932,0.5108565,0.38514322,0.48927185,0.33710408,0.50354296,0.6373626,0.19781953,0.227267,0.4024465,0.16435543
Happiness,0.0,0.3269993,0.29174206,0.27918842,0.2870577,0.7236928,0.8593974,0.5542029,0.8047523,0.5724534,0.8755708,0.71995854,0.16790454,0.32093328,0.9612625,0.36977938,0.15901275,0.9502946,0.5342512,0.2113808,0.39315495
Sadness,0.0,0.5534095,0.34143785,0.359885,0.3847262,0.20250268,0.16127348,0.26636282,0.25132534,0.35177454,0.17053546,0.45794246,0.5156837,0.51901346,0.3006263,0.5462847,0.6066256,0.24824297,0.2600152,0.32671744,0.2591351
Surprise,0.0,0.3681027,0.30961663,0.4095777,0.38862738,0.17209978,0.42572463,0.28077537,0.18429917,0.39130434,0.1460925,0.5648048,0.3234886,0.40627244,0.41123188,0.5422997,0.49555296,0.54025036,0.3838465,0.23549849,0.16948332
